{
    "name": "Workers-And-Resources-Soviet-Republic-OST",
    "version": "0.0.4",
    "title": "Workers & Resources Soviet Republic OST",
    "author": "Luis Das Artimanhas",
    "contact": "luisaugustodesouza785@gmail.com",
    "homepage": "https://store.steampowered.com/app/1049900/Workers__Resources_Soviet_Republic__Soundtrack/",
    "description": "Bring in music from Workers & Resources Soviet Republic  // Traz músicas do Workers & Resources Soviet Republic",
    "factorio_version": "2.0",
    "dependencies": [
        "base",
        "LDA-LIB >= 0.0.9"
    ],
    "license": "GNU General Public License v3.0",
    "thumbnail": "thumbnail.png"
}