{
    "name": "Workers-And-Resources-Soviet-Republic-OST",
    "version": "0.0.1",
    "title": "Workers & Resources Soviet Republic OST",
    "author": "Luis Das Artimanhas",
    "contact": "luisaugustodesouza785@gmail.com",
    "homepage": "https://github.com/LUISDASARTIMANHAS",
    "description": "Bring in music from Workers & Resources Soviet Republic  // Traz músicas do Workers & Resources Soviet Republic",
    "factorio_version": "1.1",
    "dependencies": [
        "base >= 1.1.100",
        "flib",
        "stdlib"
    ],
    "license": "GNU General Public License v3.0",
    "thumbnail": "thumbnail.jpg"
}
