
{
  "mods": 
  [
    
    {
      "name": "base",
      "enabled": true
    },
    
    {
      "name": "1x1_Equipment",
      "enabled": false
    },
    
    {
      "name": "aai-containers",
      "enabled": false
    },
    
    {
      "name": "aai-industry",
      "enabled": false
    },
    
    {
      "name": "aai-loaders",
      "enabled": false
    },
    
    {
      "name": "aai-programmable-structures",
      "enabled": false
    },
    
    {
      "name": "aai-programmable-vehicles",
      "enabled": false
    },
    
    {
      "name": "aai-signal-transmission",
      "enabled": false
    },
    
    {
      "name": "aai-signals",
      "enabled": false
    },
    
    {
      "name": "aai-vehicles-chaingunner",
      "enabled": false
    },
    
    {
      "name": "aai-vehicles-flame-tank",
      "enabled": false
    },
    
    {
      "name": "aai-vehicles-flame-tumbler",
      "enabled": false
    },
    
    {
      "name": "aai-vehicles-hauler",
      "enabled": false
    },
    
    {
      "name": "aai-vehicles-ironclad",
      "enabled": false
    },
    
    {
      "name": "aai-vehicles-laser-tank",
      "enabled": false
    },
    
    {
      "name": "aai-vehicles-miner",
      "enabled": false
    },
    
    {
      "name": "aai-vehicles-warden",
      "enabled": false
    },
    
    {
      "name": "aai-zones",
      "enabled": false
    },
    
    {
      "name": "AAI_Language_Pack",
      "enabled": false
    },
    
    {
      "name": "Advanced-Portable-Solar-Panel",
      "enabled": false
    },
    
    {
      "name": "Advanced-WasteManagement",
      "enabled": false
    },
    
    {
      "name": "AfraidOfTheDark",
      "enabled": false
    },
    
    {
      "name": "Aircraft",
      "enabled": false
    },
    
    {
      "name": "AircraftRealism",
      "enabled": false
    },
    
    {
      "name": "alien-biomes",
      "enabled": false
    },
    
    {
      "name": "alien-biomes-hr-terrain",
      "enabled": false
    },
    
    {
      "name": "All-The-Mods-Translated-BR",
      "enabled": false
    },
    
    {
      "name": "All-The-Mods-Translated-BR-LTN-Pack",
      "enabled": false
    },
    
    {
      "name": "Applied-Energistics-2",
      "enabled": false
    },
    
    {
      "name": "AsphaltPaving",
      "enabled": false
    },
    
    {
      "name": "AutoDeconstruct",
      "enabled": false
    },
    
    {
      "name": "autodrive",
      "enabled": false
    },
    
    {
      "name": "beautiful_bridge_railway",
      "enabled": false
    },
    
    {
      "name": "better-victory-screen",
      "enabled": false
    },
    
    {
      "name": "BetterCommands",
      "enabled": false
    },
    
    {
      "name": "bobinserters",
      "enabled": false
    },
    
    {
      "name": "Bottleneck",
      "enabled": false
    },
    
    {
      "name": "bullet-trails",
      "enabled": false
    },
    
    {
      "name": "cargo-ships",
      "enabled": false
    },
    
    {
      "name": "cargo-ships-graphics",
      "enabled": false
    },
    
    {
      "name": "CleanFloor",
      "enabled": false
    },
    
    {
      "name": "combat-mechanics-overhaul",
      "enabled": false
    },
    
    {
      "name": "Compressed_Extra_Utilities",
      "enabled": false
    },
    
    {
      "name": "custom-grid-spider",
      "enabled": false
    },
    
    {
      "name": "DoubleCargoWagon",
      "enabled": false
    },
    
    {
      "name": "DragonIndustries",
      "enabled": false
    },
    
    {
      "name": "Equipamentos",
      "enabled": false
    },
    
    {
      "name": "equipment-gantry",
      "enabled": false
    },
    
    {
      "name": "even-distribution",
      "enabled": false
    },
    
    {
      "name": "Explosive Excavation",
      "enabled": false
    },
    
    {
      "name": "extended-descriptions",
      "enabled": false
    },
    
    {
      "name": "far-reach",
      "enabled": false
    },
    
    {
      "name": "Fill4Me",
      "enabled": false
    },
    
    {
      "name": "flib",
      "enabled": true
    },
    
    {
      "name": "Fluid-level-indicator",
      "enabled": false
    },
    
    {
      "name": "FluidMustFlow",
      "enabled": false
    },
    
    {
      "name": "FNEI",
      "enabled": false
    },
    
    {
      "name": "Gargalo",
      "enabled": false
    },
    
    {
      "name": "GiantEnemySpider",
      "enabled": false
    },
    
    {
      "name": "gore-updated",
      "enabled": false
    },
    
    {
      "name": "HelicopterRevival",
      "enabled": false
    },
    
    {
      "name": "helmod",
      "enabled": false
    },
    
    {
      "name": "HermiosLibs",
      "enabled": false
    },
    
    {
      "name": "Hermios_Framework",
      "enabled": false
    },
    
    {
      "name": "Honk",
      "enabled": false
    },
    
    {
      "name": "Induction_ChargingGX",
      "enabled": false
    },
    
    {
      "name": "informatron",
      "enabled": false
    },
    
    {
      "name": "InserterFuelLeech",
      "enabled": false
    },
    
    {
      "name": "islands_world",
      "enabled": false
    },
    
    {
      "name": "item-network",
      "enabled": false
    },
    
    {
      "name": "jetpack",
      "enabled": false
    },
    
    {
      "name": "K1_Advanced_fluid",
      "enabled": false
    },
    
    {
      "name": "Krastorio2",
      "enabled": false
    },
    
    {
      "name": "Krastorio2Assets",
      "enabled": false
    },
    
    {
      "name": "laser-walls",
      "enabled": false
    },
    
    {
      "name": "LB-Modular-Chests",
      "enabled": false
    },
    
    {
      "name": "liborio",
      "enabled": false
    },
    
    {
      "name": "LightedPolesPlus",
      "enabled": false
    },
    
    {
      "name": "LogisticTrainNetwork",
      "enabled": false
    },
    
    {
      "name": "Logistic_network_statistics",
      "enabled": false
    },
    
    {
      "name": "long-reach-clone",
      "enabled": false
    },
    
    {
      "name": "LtnManager",
      "enabled": false
    },
    
    {
      "name": "LTN_Combinator_Modernized",
      "enabled": false
    },
    
    {
      "name": "LTN_Content_Reader",
      "enabled": false
    },
    
    {
      "name": "material-storage",
      "enabled": false
    },
    
    {
      "name": "Mechanicus",
      "enabled": false
    },
    
    {
      "name": "Milestones",
      "enabled": false
    },
    
    {
      "name": "Minecraft_OST",
      "enabled": false
    },
    
    {
      "name": "Mining_Drones",
      "enabled": false
    },
    
    {
      "name": "Nanobots",
      "enabled": false
    },
    
    {
      "name": "oarc-mod",
      "enabled": false
    },
    
    {
      "name": "OpenTTD-OST",
      "enabled": false
    },
    
    {
      "name": "playtime-plus",
      "enabled": false
    },
    
    {
      "name": "Power Armor MK3",
      "enabled": false
    },
    
    {
      "name": "PowerAndArmor",
      "enabled": false
    },
    
    {
      "name": "PowerOverload",
      "enabled": false
    },
    
    {
      "name": "RadioNetwork",
      "enabled": false
    },
    
    {
      "name": "RateCalculator",
      "enabled": false
    },
    
    {
      "name": "Recipes-Reload",
      "enabled": false
    },
    
    {
      "name": "Repair_Turret",
      "enabled": false
    },
    
    {
      "name": "robot_attrition",
      "enabled": false
    },
    
    {
      "name": "RPGsystem",
      "enabled": false
    },
    
    {
      "name": "rso-mod",
      "enabled": false
    },
    
    {
      "name": "SchallLanguagePack",
      "enabled": false
    },
    
    {
      "name": "SchallModulePlacement",
      "enabled": false
    },
    
    {
      "name": "shield-projector",
      "enabled": false
    },
    
    {
      "name": "simhelper",
      "enabled": false
    },
    
    {
      "name": "simply-bees",
      "enabled": false
    },
    
    {
      "name": "simply-greenhouse",
      "enabled": false
    },
    
    {
      "name": "solar-productivity",
      "enabled": false
    },
    
    {
      "name": "solar-walls",
      "enabled": false
    },
    
    {
      "name": "solidwaste-pollution-filter",
      "enabled": false
    },
    
    {
      "name": "space-exploration",
      "enabled": false
    },
    
    {
      "name": "space-exploration-graphics",
      "enabled": false
    },
    
    {
      "name": "space-exploration-graphics-2",
      "enabled": false
    },
    
    {
      "name": "space-exploration-graphics-3",
      "enabled": false
    },
    
    {
      "name": "space-exploration-graphics-4",
      "enabled": false
    },
    
    {
      "name": "space-exploration-graphics-5",
      "enabled": false
    },
    
    {
      "name": "space-exploration-menu-simulations",
      "enabled": false
    },
    
    {
      "name": "space-exploration-postprocess",
      "enabled": false
    },
    
    {
      "name": "spidertron-extended",
      "enabled": false
    },
    
    {
      "name": "spidertrontiers",
      "enabled": false
    },
    
    {
      "name": "Squeak Through",
      "enabled": false
    },
    
    {
      "name": "stdlib",
      "enabled": true
    },
    
    {
      "name": "StrongTrainsPlatform",
      "enabled": false
    },
    
    {
      "name": "Teleporters",
      "enabled": false
    },
    
    {
      "name": "textplates",
      "enabled": false
    },
    
    {
      "name": "Toxic_biters",
      "enabled": false
    },
    
    {
      "name": "Train-Speed-Multiplier",
      "enabled": false
    },
    
    {
      "name": "Transport-Tycoon-OST",
      "enabled": false
    },
    
    {
      "name": "Transport_Drones",
      "enabled": false
    },
    
    {
      "name": "tycoon",
      "enabled": false
    },
    
    {
      "name": "ups-fps",
      "enabled": false
    },
    
    {
      "name": "Vehicle_Radar",
      "enabled": false
    },
    
    {
      "name": "Warehousing",
      "enabled": false
    },
    
    {
      "name": "WideChests",
      "enabled": false
    },
    
    {
      "name": "Workers-And-Resources-Soviet-Republic-OST",
      "enabled": false
    },
    
    {
      "name": "zk-lib",
      "enabled": false
    }
  ]
}
